paper_code,session_label,bridge_id,question,finding_class,detail,qp_marks,ms_marks,bank_marks,bank_part_marks,bank_state,bank_active,pre_adjudication,teacher_verdict,teacher_notes
4CH0/1C,January 2013,6dfa1ff6-7b8e-44b7-bf02-bee8331909b2,1,qp-only,Q1: QP total 9 vs MS total unknown (qp-only),9,,,,,,question not in the structured bank — chunk-layer serving unaffected,gap-accepted,"operator class-disposition trace 1a10282dec107275: unbanked parse gap, terminal per REPORT protocol item 4 — nothing serves from it"
4CH0/1C,January 2013,6dfa1ff6-7b8e-44b7-bf02-bee8331909b2,2,mismatch,Q2: QP total 6 vs MS total 15 (mismatch),6,15,,,,,question not in the structured bank — chunk-layer serving unaffected,qp-print-authoritative,"print pass 2026-10-04 (operator trace 1a103290c88606f9, corpus checksum-verified PDFs per REPORT protocol 4b): QP prints 'Total for Question 2 = 6 marks'; the MS prints no separate Q2 total (Q1 block total is itself unprinted; the Q2 block's 'Total 15' is cumulative Q1+Q2 = 9+6). The bridge's 'MS 15' was a cumulative-block misread. QP per-question prints sum to 120 = printed paper total."
4CH0/1C,June 2012,2b0bc48c-2964-46fd-9241-c24e81fc9cf7,1,qp-only,Q1: QP total 9 vs MS total unknown (qp-only),9,,,,,,question not in the structured bank — chunk-layer serving unaffected,gap-accepted,"operator class-disposition trace 1a10282dec107275: unbanked parse gap, terminal per REPORT protocol item 4 — nothing serves from it"
4CH0/1C,June 2012,2b0bc48c-2964-46fd-9241-c24e81fc9cf7,11,qp-only,Q11: QP total 10 vs MS total unknown (qp-only),10,,10,0,VALIDATED,False,"bank serves 10 (v1, VALIDATED, INACTIVE)",bank-total-verified,"print pass 2026-10-04 (operator trace 1a103290c88606f9, corpus checksum-verified PDFs per REPORT protocol 4b): bank 10 = QP print 10 ('Total for Question 11 = 10 marks')."
4CH0/1C,June 2012,2b0bc48c-2964-46fd-9241-c24e81fc9cf7,12,qp-only,Q12: QP total 11 vs MS total unknown (qp-only),11,,11,0,VALIDATED,False,"bank serves 11 (v1, VALIDATED, INACTIVE)",bank-total-verified,"print pass 2026-10-04 (operator trace 1a103290c88606f9, corpus checksum-verified PDFs per REPORT protocol 4b): bank 11 = QP print 11 ('Total for Question 12 = 11 marks')."
4CH0/1C,June 2012,2b0bc48c-2964-46fd-9241-c24e81fc9cf7,13,qp-only,Q13: QP total 8 vs MS total unknown (qp-only),8,,8,0,VALIDATED,False,"bank serves 8 (v1, VALIDATED, INACTIVE)",bank-total-verified,"print pass 2026-10-04 (operator trace 1a103290c88606f9, corpus checksum-verified PDFs per REPORT protocol 4b): bank 8 = QP print 8 ('Total for Question 13 = 8 marks')."
4CH0/1C,June 2012,2b0bc48c-2964-46fd-9241-c24e81fc9cf7,2,qp-only,Q2: QP total 12 vs MS total unknown (qp-only),12,,,,,,question not in the structured bank — chunk-layer serving unaffected,gap-accepted,"operator class-disposition trace 1a10282dec107275: unbanked parse gap, terminal per REPORT protocol item 4 — nothing serves from it"
4CH0/1C,June 2012,2b0bc48c-2964-46fd-9241-c24e81fc9cf7,3,qp-only,Q3: QP total 8 vs MS total unknown (qp-only),8,,,,,,question not in the structured bank — chunk-layer serving unaffected,gap-accepted,"operator class-disposition trace 1a10282dec107275: unbanked parse gap, terminal per REPORT protocol item 4 — nothing serves from it"
4CH0/1C,June 2012,2b0bc48c-2964-46fd-9241-c24e81fc9cf7,4,qp-only,Q4: QP total 11 vs MS total unknown (qp-only),11,,,,,,question not in the structured bank — chunk-layer serving unaffected,gap-accepted,"operator class-disposition trace 1a10282dec107275: unbanked parse gap, terminal per REPORT protocol item 4 — nothing serves from it"
4CH0/1C,June 2012,2b0bc48c-2964-46fd-9241-c24e81fc9cf7,6,qp-only,Q6: QP total 8 vs MS total unknown (qp-only),8,,,,,,question not in the structured bank — chunk-layer serving unaffected,gap-accepted,"operator class-disposition trace 1a10282dec107275: unbanked parse gap, terminal per REPORT protocol item 4 — nothing serves from it"
4CH0/1C,June 2012,2b0bc48c-2964-46fd-9241-c24e81fc9cf7,8,qp-only,Q8: QP total 6 vs MS total unknown (qp-only),6,,,,,,question not in the structured bank — chunk-layer serving unaffected,gap-accepted,"operator class-disposition trace 1a10282dec107275: unbanked parse gap, terminal per REPORT protocol item 4 — nothing serves from it"
4CH0/1C,June 2012,2b0bc48c-2964-46fd-9241-c24e81fc9cf7,9,qp-only,Q9: QP total 8 vs MS total unknown (qp-only),8,,,,,,question not in the structured bank — chunk-layer serving unaffected,gap-accepted,"operator class-disposition trace 1a10282dec107275: unbanked parse gap, terminal per REPORT protocol item 4 — nothing serves from it"
4CH0/1C,June 2012,2b0bc48c-2964-46fd-9241-c24e81fc9cf7,paper,identity-mismatch,Qpaper: QP total unknown vs MS total unknown (identity-mismatch),,,,,,,paper-level identity row (both paper totals unreadable to the parser),paper-totals-verified,"print pass 2026-10-04 (operator trace 1a103290c88606f9, corpus checksum-verified PDFs per REPORT protocol 4b): both printed: QP 120 / MS 120"
4CH0/1C,June 2013,a9388337-ec52-4412-af95-e979040896b4,11,qp-only,Q11: QP total 9 vs MS total unknown (qp-only),9,,9,0,VALIDATED,False,"bank serves 9 (v1, VALIDATED, INACTIVE)",bank-total-verified,"print pass 2026-10-04 (operator trace 1a103290c88606f9, corpus checksum-verified PDFs per REPORT protocol 4b): bank 9 = QP print 9 ('Total for Question 11 = 9 marks')."
4CH0/1C,June 2013,a9388337-ec52-4412-af95-e979040896b4,4,qp-only,Q4: QP total 6 vs MS total unknown (qp-only),6,,,,,,question not in the structured bank — chunk-layer serving unaffected,gap-accepted,"operator class-disposition trace 1a10282dec107275: unbanked parse gap, terminal per REPORT protocol item 4 — nothing serves from it"
4CH0/1C,June 2013,a9388337-ec52-4412-af95-e979040896b4,7,qp-only,Q7: QP total 10 vs MS total unknown (qp-only),10,,,,,,question not in the structured bank — chunk-layer serving unaffected,gap-accepted,"operator class-disposition trace 1a10282dec107275: unbanked parse gap, terminal per REPORT protocol item 4 — nothing serves from it"
4CH0/1C,June 2013,a9388337-ec52-4412-af95-e979040896b4,1,ms-only,Q1: QP total unknown vs MS total 9 (ms-only),,9,,,,,question not in the structured bank — chunk-layer serving unaffected,gap-accepted,"operator class-disposition trace 1a10282dec107275: unbanked parse gap, terminal per REPORT protocol item 4 — nothing serves from it"
4CH0/1C,June 2013,a9388337-ec52-4412-af95-e979040896b4,10,ms-only,Q10: QP total unknown vs MS total 9 (ms-only),,9,1,0,VALIDATED,False,"bank serves 1 (v1, VALIDATED, INACTIVE)",defect(bank-repair lane),"print pass 2026-10-04 (operator trace 1a103290c88606f9, corpus checksum-verified PDFs per REPORT protocol 4b): ms-only row: bank serves 1; QP print = 13 and the MS Q10 block total = 13 agree (the bridge's ms=9 was Q11's total — misparse). Partial bank entry — bank-repair lane."
4CH0/1C,June 2013,a9388337-ec52-4412-af95-e979040896b4,2,ms-only,Q2: QP total unknown vs MS total 6 (ms-only),,6,,,,,question not in the structured bank — chunk-layer serving unaffected,gap-accepted,"operator class-disposition trace 1a10282dec107275: unbanked parse gap, terminal per REPORT protocol item 4 — nothing serves from it"
4CH0/1C,June 2013,a9388337-ec52-4412-af95-e979040896b4,6,ms-only,Q6: QP total unknown vs MS total 10 (ms-only),,10,,,,,question not in the structured bank — chunk-layer serving unaffected,gap-accepted,"operator class-disposition trace 1a10282dec107275: unbanked parse gap, terminal per REPORT protocol item 4 — nothing serves from it"
4CH0/1C,June 2013,a9388337-ec52-4412-af95-e979040896b4,3,gap,Q3: QP total unknown vs MS total unknown (gap),,,,,,,question not in the structured bank — chunk-layer serving unaffected,gap-accepted,"operator class-disposition trace 1a10282dec107275: unbanked parse gap, terminal per REPORT protocol item 4 — nothing serves from it"
4CH0/1C,June 2013,a9388337-ec52-4412-af95-e979040896b4,paper,identity-mismatch,Qpaper: QP total unknown vs MS total unknown (identity-mismatch),,,,,,,paper-level identity row (both paper totals unreadable to the parser),paper-totals-verified,"print pass 2026-10-04 (operator trace 1a103290c88606f9, corpus checksum-verified PDFs per REPORT protocol 4b): both printed: QP 120 / MS 120"
4CH0/1C,June 2015,f77ad7bb-a290-4c44-94a4-ecea6fa78b12,1,qp-only,Q1: QP total 5 vs MS total unknown (qp-only),5,,,,,,question not in the structured bank — chunk-layer serving unaffected,gap-accepted,"operator class-disposition trace 1a10282dec107275: unbanked parse gap, terminal per REPORT protocol item 4 — nothing serves from it"
4CH0/1C,June 2015,f77ad7bb-a290-4c44-94a4-ecea6fa78b12,10,qp-only,Q10: QP total 12 vs MS total unknown (qp-only),12,,12,0,VALIDATED,False,"bank serves 12 (v1, VALIDATED, INACTIVE)",bank-total-verified,"print pass 2026-10-04 (operator trace 1a103290c88606f9, corpus checksum-verified PDFs per REPORT protocol 4b): bank 12 = QP print 12 ('Total for Question 10 = 12 marks')."
4CH0/1C,June 2015,f77ad7bb-a290-4c44-94a4-ecea6fa78b12,11,qp-only,Q11: QP total 11 vs MS total unknown (qp-only),11,,11,0,VALIDATED,False,"bank serves 11 (v1, VALIDATED, INACTIVE)",bank-total-verified,"print pass 2026-10-04 (operator trace 1a103290c88606f9, corpus checksum-verified PDFs per REPORT protocol 4b): bank 11 = QP print 11 ('Total for Question 11 = 11 marks')."
4CH0/1C,June 2015,f77ad7bb-a290-4c44-94a4-ecea6fa78b12,2,qp-only,Q2: QP total 5 vs MS total unknown (qp-only),5,,,,,,question not in the structured bank — chunk-layer serving unaffected,gap-accepted,"operator class-disposition trace 1a10282dec107275: unbanked parse gap, terminal per REPORT protocol item 4 — nothing serves from it"
4CH0/1C,June 2015,f77ad7bb-a290-4c44-94a4-ecea6fa78b12,3,qp-only,Q3: QP total 5 vs MS total unknown (qp-only),5,,,,,,question not in the structured bank — chunk-layer serving unaffected,gap-accepted,"operator class-disposition trace 1a10282dec107275: unbanked parse gap, terminal per REPORT protocol item 4 — nothing serves from it"
4CH0/1C,June 2015,f77ad7bb-a290-4c44-94a4-ecea6fa78b12,4,qp-only,Q4: QP total 10 vs MS total unknown (qp-only),10,,,,,,question not in the structured bank — chunk-layer serving unaffected,gap-accepted,"operator class-disposition trace 1a10282dec107275: unbanked parse gap, terminal per REPORT protocol item 4 — nothing serves from it"
4CH0/1C,June 2015,f77ad7bb-a290-4c44-94a4-ecea6fa78b12,6,qp-only,Q6: QP total 17 vs MS total unknown (qp-only),17,,,,,,question not in the structured bank — chunk-layer serving unaffected,gap-accepted,"operator class-disposition trace 1a10282dec107275: unbanked parse gap, terminal per REPORT protocol item 4 — nothing serves from it"
4CH0/1C,June 2015,f77ad7bb-a290-4c44-94a4-ecea6fa78b12,7,qp-only,Q7: QP total 9 vs MS total unknown (qp-only),9,,,,,,question not in the structured bank — chunk-layer serving unaffected,gap-accepted,"operator class-disposition trace 1a10282dec107275: unbanked parse gap, terminal per REPORT protocol item 4 — nothing serves from it"
4CH0/1C,June 2015,f77ad7bb-a290-4c44-94a4-ecea6fa78b12,9,qp-only,Q9: QP total 17 vs MS total unknown (qp-only),17,,,,,,question not in the structured bank — chunk-layer serving unaffected,gap-accepted,"operator class-disposition trace 1a10282dec107275: unbanked parse gap, terminal per REPORT protocol item 4 — nothing serves from it"
4CH0/1C,June 2015,f77ad7bb-a290-4c44-94a4-ecea6fa78b12,5,gap,Q5: QP total unknown vs MS total unknown (gap),,,,,,,question not in the structured bank — chunk-layer serving unaffected,gap-accepted,"operator class-disposition trace 1a10282dec107275: unbanked parse gap, terminal per REPORT protocol item 4 — nothing serves from it"
4CH0/1C,June 2015,f77ad7bb-a290-4c44-94a4-ecea6fa78b12,8,gap,Q8: QP total unknown vs MS total unknown (gap),,,,,,,question not in the structured bank — chunk-layer serving unaffected,gap-accepted,"operator class-disposition trace 1a10282dec107275: unbanked parse gap, terminal per REPORT protocol item 4 — nothing serves from it"
4CH0/1C,June 2015,f77ad7bb-a290-4c44-94a4-ecea6fa78b12,paper,identity-mismatch,Qpaper: QP total unknown vs MS total unknown (identity-mismatch),,,,,,,paper-level identity row (both paper totals unreadable to the parser),ms-total-derived-agrees,"print pass 2026-10-04 (operator trace 1a103290c88606f9, corpus checksum-verified PDFs per REPORT protocol 4b): QP printed 120; MS paper total not printed; sum of MS printed per-question totals (positional) = 120"
4CH0/1C,June 2016,01097b1d-2ccd-4abe-8666-9d8393543df7,1,qp-only,Q1: QP total 4 vs MS total unknown (qp-only),4,,,,,,question not in the structured bank — chunk-layer serving unaffected,gap-accepted,"operator class-disposition trace 1a10282dec107275: unbanked parse gap, terminal per REPORT protocol item 4 — nothing serves from it"
4CH0/1C,June 2016,01097b1d-2ccd-4abe-8666-9d8393543df7,11,qp-only,Q11: QP total 9 vs MS total unknown (qp-only),9,,9,0,VALIDATED,False,"bank serves 9 (v1, VALIDATED, INACTIVE)",bank-total-verified,"print pass 2026-10-04 (operator trace 1a103290c88606f9, corpus checksum-verified PDFs per REPORT protocol 4b): bank 9 = QP print 9 ('Total for Question 11 = 9 marks')."
4CH0/1C,June 2016,01097b1d-2ccd-4abe-8666-9d8393543df7,12,qp-only,Q12: QP total 12 vs MS total unknown (qp-only),12,,12,0,VALIDATED,False,"bank serves 12 (v1, VALIDATED, INACTIVE)",bank-total-verified,"print pass 2026-10-04 (operator trace 1a103290c88606f9, corpus checksum-verified PDFs per REPORT protocol 4b): bank 12 = QP print 12 ('Total for Question 12 = 12 marks')."
4CH0/1C,June 2016,01097b1d-2ccd-4abe-8666-9d8393543df7,13,qp-only,Q13: QP total 5 vs MS total unknown (qp-only),5,,5,0,VALIDATED,False,"bank serves 5 (v1, VALIDATED, INACTIVE)",bank-total-verified,"print pass 2026-10-04 (operator trace 1a103290c88606f9, corpus checksum-verified PDFs per REPORT protocol 4b): bank 5 = QP print 5 ('Total for Question 13 = 5 marks')."
4CH0/1C,June 2016,01097b1d-2ccd-4abe-8666-9d8393543df7,14,qp-only,Q14: QP total 4 vs MS total unknown (qp-only),4,,4,0,VALIDATED,False,"bank serves 4 (v1, VALIDATED, INACTIVE)",bank-total-verified,"print pass 2026-10-04 (operator trace 1a103290c88606f9, corpus checksum-verified PDFs per REPORT protocol 4b): bank 4 = QP print 4 ('Total for Question 14 = 4 marks')."
4CH0/1C,June 2016,01097b1d-2ccd-4abe-8666-9d8393543df7,15,qp-only,Q15: QP total 8 vs MS total unknown (qp-only),8,,8,0,VALIDATED,False,"bank serves 8 (v1, VALIDATED, INACTIVE)",bank-total-verified,"print pass 2026-10-04 (operator trace 1a103290c88606f9, corpus checksum-verified PDFs per REPORT protocol 4b): bank 8 = QP print 8 ('Total for Question 15 = 8 marks')."
4CH0/1C,June 2016,01097b1d-2ccd-4abe-8666-9d8393543df7,16,qp-only,Q16: QP total 7 vs MS total unknown (qp-only),7,,7,1,VALIDATED,False,"bank serves 7 (v1, VALIDATED, INACTIVE)",bank-total-verified,"print pass 2026-10-04 (operator trace 1a103290c88606f9, corpus checksum-verified PDFs per REPORT protocol 4b): bank 7 = QP print 7 ('Total for Question 16 = 7 marks')."
4CH0/1C,June 2016,01097b1d-2ccd-4abe-8666-9d8393543df7,4,qp-only,Q4: QP total 9 vs MS total unknown (qp-only),9,,,,,,question not in the structured bank — chunk-layer serving unaffected,gap-accepted,"operator class-disposition trace 1a10282dec107275: unbanked parse gap, terminal per REPORT protocol item 4 — nothing serves from it"
4CH0/1C,June 2016,01097b1d-2ccd-4abe-8666-9d8393543df7,5,qp-only,Q5: QP total 7 vs MS total unknown (qp-only),7,,,,,,question not in the structured bank — chunk-layer serving unaffected,gap-accepted,"operator class-disposition trace 1a10282dec107275: unbanked parse gap, terminal per REPORT protocol item 4 — nothing serves from it"
4CH0/1C,June 2016,01097b1d-2ccd-4abe-8666-9d8393543df7,6,qp-only,Q6: QP total 15 vs MS total unknown (qp-only),15,,,,,,question not in the structured bank — chunk-layer serving unaffected,gap-accepted,"operator class-disposition trace 1a10282dec107275: unbanked parse gap, terminal per REPORT protocol item 4 — nothing serves from it"
4CH0/1C,June 2016,01097b1d-2ccd-4abe-8666-9d8393543df7,7,qp-only,Q7: QP total 7 vs MS total unknown (qp-only),7,,,,,,question not in the structured bank — chunk-layer serving unaffected,gap-accepted,"operator class-disposition trace 1a10282dec107275: unbanked parse gap, terminal per REPORT protocol item 4 — nothing serves from it"
4CH0/1C,June 2016,01097b1d-2ccd-4abe-8666-9d8393543df7,9,qp-only,Q9: QP total 9 vs MS total unknown (qp-only),9,,,,,,question not in the structured bank — chunk-layer serving unaffected,gap-accepted,"operator class-disposition trace 1a10282dec107275: unbanked parse gap, terminal per REPORT protocol item 4 — nothing serves from it"
4CH0/1C,June 2016,01097b1d-2ccd-4abe-8666-9d8393543df7,10,gap,Q10: QP total unknown vs MS total unknown (gap),,,6,0,VALIDATED,False,"bank serves 6 (v1, VALIDATED, INACTIVE)",bank-total-verified,"print pass 2026-10-04 (operator trace 1a103290c88606f9, corpus checksum-verified PDFs per REPORT protocol 4b): bank 6 verified against the authoritative print. gap row: bank 6 = QP print 6 (QP per-question totals complete for this paper)."
4CH0/1C,June 2016,01097b1d-2ccd-4abe-8666-9d8393543df7,paper,identity-mismatch,Qpaper: QP total unknown vs MS total unknown (identity-mismatch),,,,,,,paper-level identity row (both paper totals unreadable to the parser),qp-total-printed-ms-total-unprinted,"print pass 2026-10-04 (operator trace 1a103290c88606f9, corpus checksum-verified PDFs per REPORT protocol 4b): QP printed 120; MS print carries no verifiable totals (markers=[] sum=None)"
4CH0/1C,June 2017,c248bd86-ffe8-4f8a-94e1-d682f8959539,11,ms-only,Q11: QP total unknown vs MS total 11 (ms-only),,11,1,0,VALIDATED,False,"bank serves 1 (v1, VALIDATED, INACTIVE)",defect(bank-repair lane),"print pass 2026-10-04 (operator trace 1a103290c88606f9, corpus checksum-verified PDFs per REPORT protocol 4b): ms-only row: bank serves 1; QP print = 11 (and the bridge's own MS parse 11 agrees with the QP print). The bank row is a 1-mark partial entry — refer to the bank-repair lane."
4CH0/1C,June 2017,c248bd86-ffe8-4f8a-94e1-d682f8959539,7,ms-only,Q7: QP total unknown vs MS total 9 (ms-only),,9,,,,,question not in the structured bank — chunk-layer serving unaffected,gap-accepted,"operator class-disposition trace 1a10282dec107275: unbanked parse gap, terminal per REPORT protocol item 4 — nothing serves from it"
4CH0/1C,June 2017,c248bd86-ffe8-4f8a-94e1-d682f8959539,paper,identity-mismatch,Qpaper: QP total unknown vs MS total unknown (identity-mismatch),,,,,,,paper-level identity row (both paper totals unreadable to the parser),ms-total-derived-agrees,"print pass 2026-10-04 (operator trace 1a103290c88606f9, corpus checksum-verified PDFs per REPORT protocol 4b): QP printed 120; MS paper total not printed; sum of MS printed per-question totals (numbered) = 120"
4CH0/1C,June 2018,3aa10d9b-9186-4346-ac48-9238e5c20df1,5,qp-only,Q5: QP total 12 vs MS total unknown (qp-only),12,,,,,,question not in the structured bank — chunk-layer serving unaffected,gap-accepted,"operator class-disposition trace 1a10282dec107275: unbanked parse gap, terminal per REPORT protocol item 4 — nothing serves from it"
4CH0/1C,June 2018,3aa10d9b-9186-4346-ac48-9238e5c20df1,1,ms-only,Q1: QP total unknown vs MS total 7 (ms-only),,7,,,,,question not in the structured bank — chunk-layer serving unaffected,gap-accepted,"operator class-disposition trace 1a10282dec107275: unbanked parse gap, terminal per REPORT protocol item 4 — nothing serves from it"
4CH0/1C,June 2018,3aa10d9b-9186-4346-ac48-9238e5c20df1,12,ms-only,Q12: QP total unknown vs MS total 11 (ms-only),,11,1,0,VALIDATED,False,"bank serves 1 (v1, VALIDATED, INACTIVE)",defect(bank-repair lane),"print pass 2026-10-04 (operator trace 1a103290c88606f9, corpus checksum-verified PDFs per REPORT protocol 4b): ms-only row: bank serves 1; QP print = 11 (bridge MS parse 11 agrees). Partial bank entry — bank-repair lane."
4CH0/1C,June 2018,3aa10d9b-9186-4346-ac48-9238e5c20df1,paper,identity-mismatch,Qpaper: QP total unknown vs MS total unknown (identity-mismatch),,,,,,,paper-level identity row (both paper totals unreadable to the parser),ms-total-derived-agrees,"print pass 2026-10-04 (operator trace 1a103290c88606f9, corpus checksum-verified PDFs per REPORT protocol 4b): QP printed 120; MS paper total not printed; sum of MS printed per-question totals (numbered) = 120"
4CH0/1CR,June 2013,8ffe0f38-e993-46de-90ba-22d1a80cb10a,11,qp-only,Q11: QP total 9 vs MS total unknown (qp-only),9,,9,0,VALIDATED,False,"bank serves 9 (v1, VALIDATED, INACTIVE)",bank-total-verified,"print pass 2026-10-04 (operator trace 1a103290c88606f9, corpus checksum-verified PDFs per REPORT protocol 4b): bank 9 = QP print 9 ('Total for Question 11 = 9 marks')."
4CH0/1CR,June 2013,8ffe0f38-e993-46de-90ba-22d1a80cb10a,4,qp-only,Q4: QP total 10 vs MS total unknown (qp-only),10,,,,,,question not in the structured bank — chunk-layer serving unaffected,gap-accepted,"operator class-disposition trace 1a10282dec107275: unbanked parse gap, terminal per REPORT protocol item 4 — nothing serves from it"
4CH0/1CR,June 2013,8ffe0f38-e993-46de-90ba-22d1a80cb10a,5,mismatch,Q5: QP total 11 vs MS total 16 (mismatch),11,16,,,,,question not in the structured bank — chunk-layer serving unaffected,both-prints-agree(11),"print pass 2026-10-04 (operator trace 1a103290c88606f9, corpus checksum-verified PDFs per REPORT protocol 4b): QP prints 'Total for Question 5 = 11 marks'; MS Q5 block total prints 11 (aligned 1:1). The bridge's 'MS 16' was Q6's total — a cross-format alignment misparse."
4CH0/1CR,June 2013,8ffe0f38-e993-46de-90ba-22d1a80cb10a,6,qp-only,Q6: QP total 16 vs MS total unknown (qp-only),16,,,,,,question not in the structured bank — chunk-layer serving unaffected,gap-accepted,"operator class-disposition trace 1a10282dec107275: unbanked parse gap, terminal per REPORT protocol item 4 — nothing serves from it"
4CH0/1CR,June 2013,8ffe0f38-e993-46de-90ba-22d1a80cb10a,7,mismatch,Q7: QP total 16 vs MS total 9 (mismatch),16,9,,,,,question not in the structured bank — chunk-layer serving unaffected,both-prints-agree(16),"print pass 2026-10-04 (operator trace 1a103290c88606f9, corpus checksum-verified PDFs per REPORT protocol 4b): QP prints 16; MS Q7 block total prints 16. The bridge's 'MS 9' was Q9's total — misparse."
4CH0/1CR,June 2013,8ffe0f38-e993-46de-90ba-22d1a80cb10a,8,qp-only,Q8: QP total 8 vs MS total unknown (qp-only),8,,,,,,question not in the structured bank — chunk-layer serving unaffected,gap-accepted,"operator class-disposition trace 1a10282dec107275: unbanked parse gap, terminal per REPORT protocol item 4 — nothing serves from it"
4CH0/1CR,June 2013,8ffe0f38-e993-46de-90ba-22d1a80cb10a,9,gap,Q9: QP total unknown vs MS total unknown (gap),,,,,,,question not in the structured bank — chunk-layer serving unaffected,gap-accepted,"operator class-disposition trace 1a10282dec107275: unbanked parse gap, terminal per REPORT protocol item 4 — nothing serves from it"
4CH0/1CR,June 2013,8ffe0f38-e993-46de-90ba-22d1a80cb10a,paper,identity-mismatch,Qpaper: QP total unknown vs MS total unknown (identity-mismatch),,,,,,,paper-level identity row (both paper totals unreadable to the parser),ms-total-derived-agrees,"print pass 2026-10-04 (operator trace 1a103290c88606f9, corpus checksum-verified PDFs per REPORT protocol 4b): QP printed 120; MS paper total not printed; sum of MS printed per-question totals (positional) = 120"
4CH0/1CR,June 2016,476be1f7-7a01-4dbf-8d44-0421129ee16a,10,qp-only,Q10: QP total 15 vs MS total unknown (qp-only),15,,15,2,VALIDATED,False,"bank serves 15 (v1, VALIDATED, INACTIVE)",bank-total-verified,"print pass 2026-10-04 (operator trace 1a103290c88606f9, corpus checksum-verified PDFs per REPORT protocol 4b): bank 15 = QP print 15 ('Total for Question 10 = 15 marks')."
4CH0/1CR,June 2016,476be1f7-7a01-4dbf-8d44-0421129ee16a,12,qp-only,Q12: QP total 13 vs MS total unknown (qp-only),13,,13,0,VALIDATED,False,"bank serves 13 (v1, VALIDATED, INACTIVE)",bank-total-verified,"print pass 2026-10-04 (operator trace 1a103290c88606f9, corpus checksum-verified PDFs per REPORT protocol 4b): bank 13 = QP print 13 ('Total for Question 12 = 13 marks')."
4CH0/1CR,June 2016,476be1f7-7a01-4dbf-8d44-0421129ee16a,2,qp-only,Q2: QP total 6 vs MS total unknown (qp-only),6,,,,,,question not in the structured bank — chunk-layer serving unaffected,gap-accepted,"operator class-disposition trace 1a10282dec107275: unbanked parse gap, terminal per REPORT protocol item 4 — nothing serves from it"
4CH0/1CR,June 2016,476be1f7-7a01-4dbf-8d44-0421129ee16a,3,qp-only,Q3: QP total 4 vs MS total unknown (qp-only),4,,,,,,question not in the structured bank — chunk-layer serving unaffected,gap-accepted,"operator class-disposition trace 1a10282dec107275: unbanked parse gap, terminal per REPORT protocol item 4 — nothing serves from it"
4CH0/1CR,June 2016,476be1f7-7a01-4dbf-8d44-0421129ee16a,4,qp-only,Q4: QP total 8 vs MS total unknown (qp-only),8,,,,,,question not in the structured bank — chunk-layer serving unaffected,gap-accepted,"operator class-disposition trace 1a10282dec107275: unbanked parse gap, terminal per REPORT protocol item 4 — nothing serves from it"
4CH0/1CR,June 2016,476be1f7-7a01-4dbf-8d44-0421129ee16a,5,qp-only,Q5: QP total 9 vs MS total unknown (qp-only),9,,,,,,question not in the structured bank — chunk-layer serving unaffected,gap-accepted,"operator class-disposition trace 1a10282dec107275: unbanked parse gap, terminal per REPORT protocol item 4 — nothing serves from it"
4CH0/1CR,June 2016,476be1f7-7a01-4dbf-8d44-0421129ee16a,6,qp-only,Q6: QP total 10 vs MS total unknown (qp-only),10,,,,,,question not in the structured bank — chunk-layer serving unaffected,gap-accepted,"operator class-disposition trace 1a10282dec107275: unbanked parse gap, terminal per REPORT protocol item 4 — nothing serves from it"
4CH0/1CR,June 2016,476be1f7-7a01-4dbf-8d44-0421129ee16a,7,qp-only,Q7: QP total 12 vs MS total unknown (qp-only),12,,,,,,question not in the structured bank — chunk-layer serving unaffected,gap-accepted,"operator class-disposition trace 1a10282dec107275: unbanked parse gap, terminal per REPORT protocol item 4 — nothing serves from it"
4CH0/1CR,June 2016,476be1f7-7a01-4dbf-8d44-0421129ee16a,8,qp-only,Q8: QP total 8 vs MS total unknown (qp-only),8,,,,,,question not in the structured bank — chunk-layer serving unaffected,gap-accepted,"operator class-disposition trace 1a10282dec107275: unbanked parse gap, terminal per REPORT protocol item 4 — nothing serves from it"
4CH0/1CR,June 2016,476be1f7-7a01-4dbf-8d44-0421129ee16a,1,gap,Q1: QP total unknown vs MS total unknown (gap),,,,,,,question not in the structured bank — chunk-layer serving unaffected,gap-accepted,"operator class-disposition trace 1a10282dec107275: unbanked parse gap, terminal per REPORT protocol item 4 — nothing serves from it"
4CH0/1CR,June 2016,476be1f7-7a01-4dbf-8d44-0421129ee16a,9,gap,Q9: QP total unknown vs MS total unknown (gap),,,,,,,question not in the structured bank — chunk-layer serving unaffected,gap-accepted,"operator class-disposition trace 1a10282dec107275: unbanked parse gap, terminal per REPORT protocol item 4 — nothing serves from it"
4CH0/1CR,June 2016,476be1f7-7a01-4dbf-8d44-0421129ee16a,11,gap,Q11: QP total unknown vs MS total unknown (gap),,,15,0,VALIDATED,False,"bank serves 15 (v1, VALIDATED, INACTIVE)",bank-total-verified,"print pass 2026-10-04 (operator trace 1a103290c88606f9, corpus checksum-verified PDFs per REPORT protocol 4b): bank 15 verified against the authoritative print. gap row: bank 15 = QP print 15."
4CH0/1CR,June 2016,476be1f7-7a01-4dbf-8d44-0421129ee16a,paper,identity-mismatch,Qpaper: QP total unknown vs MS total unknown (identity-mismatch),,,,,,,paper-level identity row (both paper totals unreadable to the parser),qp-total-printed-ms-total-unprinted,"print pass 2026-10-04 (operator trace 1a103290c88606f9, corpus checksum-verified PDFs per REPORT protocol 4b): QP printed 120; MS print carries no verifiable totals (markers=[] sum=None)"
4CH0/1CR,June 2017,3a268d6f-4cb5-408a-82c7-ce777a5d07bd,10,qp-only,Q10: QP total 7 vs MS total unknown (qp-only),7,,7,0,VALIDATED,False,"bank serves 7 (v1, VALIDATED, INACTIVE)",bank-total-verified,"print pass 2026-10-04 (operator trace 1a103290c88606f9, corpus checksum-verified PDFs per REPORT protocol 4b): bank 7 = QP print 7 ('Total for Question 10 = 7 marks')."
4CH0/1CR,June 2017,3a268d6f-4cb5-408a-82c7-ce777a5d07bd,14,qp-only,Q14: QP total 10 vs MS total unknown (qp-only),10,,10,0,VALIDATED,False,"bank serves 10 (v1, VALIDATED, INACTIVE)",bank-total-verified,"print pass 2026-10-04 (operator trace 1a103290c88606f9, corpus checksum-verified PDFs per REPORT protocol 4b): bank 10 = QP print 10 ('Total for Question 14 = 10 marks')."
4CH0/1CR,June 2017,3a268d6f-4cb5-408a-82c7-ce777a5d07bd,11,ms-only,Q11: QP total unknown vs MS total 9 (ms-only),,9,1,0,VALIDATED,False,"bank serves 1 (v1, VALIDATED, INACTIVE)",defect(bank-repair lane),"print pass 2026-10-04 (operator trace 1a103290c88606f9, corpus checksum-verified PDFs per REPORT protocol 4b): ms-only row: bank serves 1; QP print = 9 (bridge MS parse 9 agrees). Partial bank entry — bank-repair lane."
4CH0/1CR,June 2017,3a268d6f-4cb5-408a-82c7-ce777a5d07bd,3,ms-only,Q3: QP total unknown vs MS total 8 (ms-only),,8,,,,,question not in the structured bank — chunk-layer serving unaffected,gap-accepted,"operator class-disposition trace 1a10282dec107275: unbanked parse gap, terminal per REPORT protocol item 4 — nothing serves from it"
4CH0/1CR,June 2017,3a268d6f-4cb5-408a-82c7-ce777a5d07bd,9,ms-only,Q9: QP total unknown vs MS total 7 (ms-only),,7,,,,,question not in the structured bank — chunk-layer serving unaffected,gap-accepted,"operator class-disposition trace 1a10282dec107275: unbanked parse gap, terminal per REPORT protocol item 4 — nothing serves from it"
4CH0/1CR,June 2017,3a268d6f-4cb5-408a-82c7-ce777a5d07bd,paper,identity-mismatch,Qpaper: QP total unknown vs MS total unknown (identity-mismatch),,,,,,,paper-level identity row (both paper totals unreadable to the parser),ms-total-derived-agrees,"print pass 2026-10-04 (operator trace 1a103290c88606f9, corpus checksum-verified PDFs per REPORT protocol 4b): QP prints 120; MS prints 14 of 15 block totals (sum 110); the unprinted block is Q14 (page-break artifact), whose QP print is 10: 110+10 = 120. No conflict anywhere both prints speak."
4CH0/2C,January 2013,e920ac9f-baed-4995-9574-208279d4ce58,1,mismatch,Q1: QP total 4 vs MS total 8 (mismatch),4,8,,,,,question not in the structured bank — chunk-layer serving unaffected,both-prints-agree(4),"print pass 2026-10-04 (operator trace 1a103290c88606f9, corpus checksum-verified PDFs per REPORT protocol 4b): QP prints 'Total for Question 1 = 4 marks'; MS Q1 block total prints 4. The bridge's 'MS 8' was Q3's total — misparse."
4CH0/2C,January 2013,e920ac9f-baed-4995-9574-208279d4ce58,2,qp-only,Q2: QP total 4 vs MS total unknown (qp-only),4,,,,,,question not in the structured bank — chunk-layer serving unaffected,gap-accepted,"operator class-disposition trace 1a10282dec107275: unbanked parse gap, terminal per REPORT protocol item 4 — nothing serves from it"
4CH0/2C,January 2013,e920ac9f-baed-4995-9574-208279d4ce58,3,gap,Q3: QP total unknown vs MS total unknown (gap),,,,,,,question not in the structured bank — chunk-layer serving unaffected,gap-accepted,"operator class-disposition trace 1a10282dec107275: unbanked parse gap, terminal per REPORT protocol item 4 — nothing serves from it"
4CH0/2C,June 2013,ca119b22-8528-4c97-ba93-fd62c567172b,2,qp-only,Q2: QP total 4 vs MS total unknown (qp-only),4,,,,,,question not in the structured bank — chunk-layer serving unaffected,gap-accepted,"operator class-disposition trace 1a10282dec107275: unbanked parse gap, terminal per REPORT protocol item 4 — nothing serves from it"
4CH0/2C,June 2013,ca119b22-8528-4c97-ba93-fd62c567172b,5,qp-only,Q5: QP total 7 vs MS total unknown (qp-only),7,,,,,,question not in the structured bank — chunk-layer serving unaffected,gap-accepted,"operator class-disposition trace 1a10282dec107275: unbanked parse gap, terminal per REPORT protocol item 4 — nothing serves from it"
4CH0/2C,June 2013,ca119b22-8528-4c97-ba93-fd62c567172b,paper,identity-mismatch,Qpaper: QP total unknown vs MS total unknown (identity-mismatch),,,,,,,paper-level identity row (both paper totals unreadable to the parser),paper-totals-verified,"print pass 2026-10-04 (operator trace 1a103290c88606f9, corpus checksum-verified PDFs per REPORT protocol 4b): both printed: QP 60 / MS 60"
4CH0/2C,June 2015,cd250f7b-132a-49fa-b3f7-9b797aa4997b,1,qp-only,Q1: QP total 7 vs MS total unknown (qp-only),7,,,,,,question not in the structured bank — chunk-layer serving unaffected,gap-accepted,"operator class-disposition trace 1a10282dec107275: unbanked parse gap, terminal per REPORT protocol item 4 — nothing serves from it"
4CH0/2C,June 2015,cd250f7b-132a-49fa-b3f7-9b797aa4997b,3,qp-only,Q3: QP total 10 vs MS total unknown (qp-only),10,,,,,,question not in the structured bank — chunk-layer serving unaffected,gap-accepted,"operator class-disposition trace 1a10282dec107275: unbanked parse gap, terminal per REPORT protocol item 4 — nothing serves from it"
4CH0/2C,June 2015,cd250f7b-132a-49fa-b3f7-9b797aa4997b,4,qp-only,Q4: QP total 10 vs MS total unknown (qp-only),10,,,,,,question not in the structured bank — chunk-layer serving unaffected,gap-accepted,"operator class-disposition trace 1a10282dec107275: unbanked parse gap, terminal per REPORT protocol item 4 — nothing serves from it"
4CH0/2C,June 2015,cd250f7b-132a-49fa-b3f7-9b797aa4997b,6,qp-only,Q6: QP total 14 vs MS total unknown (qp-only),14,,,,,,question not in the structured bank — chunk-layer serving unaffected,gap-accepted,"operator class-disposition trace 1a10282dec107275: unbanked parse gap, terminal per REPORT protocol item 4 — nothing serves from it"
4CH0/2C,June 2015,cd250f7b-132a-49fa-b3f7-9b797aa4997b,paper,identity-mismatch,Qpaper: QP total unknown vs MS total unknown (identity-mismatch),,,,,,,paper-level identity row (both paper totals unreadable to the parser),ms-total-derived-agrees,"print pass 2026-10-04 (operator trace 1a103290c88606f9, corpus checksum-verified PDFs per REPORT protocol 4b): QP prints 60; MS prints 5 of 6 block totals (sum 46); the unprinted block is Q6, whose QP print is 14: 46+14 = 60. No conflict anywhere both prints speak."
4CH0/2C,June 2017,e5271ea7-1fae-4ad4-989c-99bd3eacf9b3,2,ms-only,Q2: QP total unknown vs MS total 11 (ms-only),,11,,,,,question not in the structured bank — chunk-layer serving unaffected,gap-accepted,"operator class-disposition trace 1a10282dec107275: unbanked parse gap, terminal per REPORT protocol item 4 — nothing serves from it"
4CH0/2C,June 2017,e5271ea7-1fae-4ad4-989c-99bd3eacf9b3,4,ms-only,Q4: QP total unknown vs MS total 19 (ms-only),,19,,,,,question not in the structured bank — chunk-layer serving unaffected,gap-accepted,"operator class-disposition trace 1a10282dec107275: unbanked parse gap, terminal per REPORT protocol item 4 — nothing serves from it"
4CH0/2C,June 2017,e5271ea7-1fae-4ad4-989c-99bd3eacf9b3,paper,identity-mismatch,Qpaper: QP total unknown vs MS total unknown (identity-mismatch),,,,,,,paper-level identity row (both paper totals unreadable to the parser),ms-total-derived-agrees,"print pass 2026-10-04 (operator trace 1a103290c88606f9, corpus checksum-verified PDFs per REPORT protocol 4b): QP printed 60; MS paper total not printed; sum of MS printed per-question totals (positional) = 60"
4CH0/2C,June 2018,1d77797f-af71-4a14-9ad3-4b98c110b193,1,qp-only,Q1: QP total 6 vs MS total unknown (qp-only),6,,,,,,question not in the structured bank — chunk-layer serving unaffected,gap-accepted,"operator class-disposition trace 1a10282dec107275: unbanked parse gap, terminal per REPORT protocol item 4 — nothing serves from it"
4CH0/2C,June 2018,1d77797f-af71-4a14-9ad3-4b98c110b193,2,qp-only,Q2: QP total 4 vs MS total unknown (qp-only),4,,,,,,question not in the structured bank — chunk-layer serving unaffected,gap-accepted,"operator class-disposition trace 1a10282dec107275: unbanked parse gap, terminal per REPORT protocol item 4 — nothing serves from it"
4CH0/2C,June 2018,1d77797f-af71-4a14-9ad3-4b98c110b193,3,qp-only,Q3: QP total 4 vs MS total unknown (qp-only),4,,,,,,question not in the structured bank — chunk-layer serving unaffected,gap-accepted,"operator class-disposition trace 1a10282dec107275: unbanked parse gap, terminal per REPORT protocol item 4 — nothing serves from it"
4CH0/2C,June 2018,1d77797f-af71-4a14-9ad3-4b98c110b193,4,qp-only,Q4: QP total 6 vs MS total unknown (qp-only),6,,,,,,question not in the structured bank — chunk-layer serving unaffected,gap-accepted,"operator class-disposition trace 1a10282dec107275: unbanked parse gap, terminal per REPORT protocol item 4 — nothing serves from it"
4CH0/2C,June 2018,1d77797f-af71-4a14-9ad3-4b98c110b193,5,qp-only,Q5: QP total 12 vs MS total unknown (qp-only),12,,,,,,question not in the structured bank — chunk-layer serving unaffected,gap-accepted,"operator class-disposition trace 1a10282dec107275: unbanked parse gap, terminal per REPORT protocol item 4 — nothing serves from it"
4CH0/2C,June 2018,1d77797f-af71-4a14-9ad3-4b98c110b193,7,qp-only,Q7: QP total 4 vs MS total unknown (qp-only),4,,,,,,question not in the structured bank — chunk-layer serving unaffected,gap-accepted,"operator class-disposition trace 1a10282dec107275: unbanked parse gap, terminal per REPORT protocol item 4 — nothing serves from it"
4CH0/2C,June 2018,1d77797f-af71-4a14-9ad3-4b98c110b193,8,qp-only,Q8: QP total 6 vs MS total unknown (qp-only),6,,,,,,question not in the structured bank — chunk-layer serving unaffected,gap-accepted,"operator class-disposition trace 1a10282dec107275: unbanked parse gap, terminal per REPORT protocol item 4 — nothing serves from it"
4CH0/2C,June 2018,1d77797f-af71-4a14-9ad3-4b98c110b193,9,qp-only,Q9: QP total 10 vs MS total unknown (qp-only),10,,,,,,question not in the structured bank — chunk-layer serving unaffected,gap-accepted,"operator class-disposition trace 1a10282dec107275: unbanked parse gap, terminal per REPORT protocol item 4 — nothing serves from it"
4CH0/2C,June 2018,1d77797f-af71-4a14-9ad3-4b98c110b193,paper,identity-mismatch,Qpaper: QP total unknown vs MS total unknown (identity-mismatch),,,,,,,paper-level identity row (both paper totals unreadable to the parser),ms-total-derived-agrees,"print pass 2026-10-04 (operator trace 1a103290c88606f9, corpus checksum-verified PDFs per REPORT protocol 4b): QP printed 60; MS paper total not printed; sum of MS printed per-question totals (numbered) = 60"
4CH0/2CR,June 2013,0e8cfd65-1e35-4143-9a51-fa7739a81c46,5,ms-only,Q5: QP total unknown vs MS total 19 (ms-only),,19,,,,,question not in the structured bank — chunk-layer serving unaffected,gap-accepted,"operator class-disposition trace 1a10282dec107275: unbanked parse gap, terminal per REPORT protocol item 4 — nothing serves from it"
4CH0/2CR,June 2013,0e8cfd65-1e35-4143-9a51-fa7739a81c46,paper,identity-mismatch,Qpaper: QP total unknown vs MS total unknown (identity-mismatch),,,,,,,paper-level identity row (both paper totals unreadable to the parser),paper-totals-verified,"print pass 2026-10-04 (operator trace 1a103290c88606f9, corpus checksum-verified PDFs per REPORT protocol 4b): both printed: QP 60 / MS 60"
4CH0/2CR,June 2016,f3984d0a-55eb-4a6a-80a3-22419e3a6490,1,qp-only,Q1: QP total 4 vs MS total unknown (qp-only),4,,,,,,question not in the structured bank — chunk-layer serving unaffected,gap-accepted,"operator class-disposition trace 1a10282dec107275: unbanked parse gap, terminal per REPORT protocol item 4 — nothing serves from it"
4CH0/2CR,June 2016,f3984d0a-55eb-4a6a-80a3-22419e3a6490,2,qp-only,Q2: QP total 8 vs MS total unknown (qp-only),8,,,,,,question not in the structured bank — chunk-layer serving unaffected,gap-accepted,"operator class-disposition trace 1a10282dec107275: unbanked parse gap, terminal per REPORT protocol item 4 — nothing serves from it"
4CH0/2CR,June 2016,f3984d0a-55eb-4a6a-80a3-22419e3a6490,3,qp-only,Q3: QP total 9 vs MS total unknown (qp-only),9,,,,,,question not in the structured bank — chunk-layer serving unaffected,gap-accepted,"operator class-disposition trace 1a10282dec107275: unbanked parse gap, terminal per REPORT protocol item 4 — nothing serves from it"
4CH0/2CR,June 2016,f3984d0a-55eb-4a6a-80a3-22419e3a6490,4,qp-only,Q4: QP total 6 vs MS total unknown (qp-only),6,,,,,,question not in the structured bank — chunk-layer serving unaffected,gap-accepted,"operator class-disposition trace 1a10282dec107275: unbanked parse gap, terminal per REPORT protocol item 4 — nothing serves from it"
4CH0/2CR,June 2016,f3984d0a-55eb-4a6a-80a3-22419e3a6490,5,qp-only,Q5: QP total 11 vs MS total unknown (qp-only),11,,,,,,question not in the structured bank — chunk-layer serving unaffected,gap-accepted,"operator class-disposition trace 1a10282dec107275: unbanked parse gap, terminal per REPORT protocol item 4 — nothing serves from it"
4CH0/2CR,June 2016,f3984d0a-55eb-4a6a-80a3-22419e3a6490,7,qp-only,Q7: QP total 14 vs MS total unknown (qp-only),14,,,,,,question not in the structured bank — chunk-layer serving unaffected,gap-accepted,"operator class-disposition trace 1a10282dec107275: unbanked parse gap, terminal per REPORT protocol item 4 — nothing serves from it"
4CH0/2CR,June 2016,f3984d0a-55eb-4a6a-80a3-22419e3a6490,6,gap,Q6: QP total unknown vs MS total unknown (gap),,,,,,,question not in the structured bank — chunk-layer serving unaffected,gap-accepted,"operator class-disposition trace 1a10282dec107275: unbanked parse gap, terminal per REPORT protocol item 4 — nothing serves from it"
4CH0/2CR,June 2016,f3984d0a-55eb-4a6a-80a3-22419e3a6490,paper,identity-mismatch,Qpaper: QP total unknown vs MS total unknown (identity-mismatch),,,,,,,paper-level identity row (both paper totals unreadable to the parser),qp-total-printed-ms-total-unprinted,"print pass 2026-10-04 (operator trace 1a103290c88606f9, corpus checksum-verified PDFs per REPORT protocol 4b): QP printed 60; MS print carries no verifiable totals (markers=[] sum=None)"
4CH0/2CR,June 2017,8f6ff0a6-1c5d-4344-abd4-12981c9c3b73,4,mismatch,Q4: QP total 9 vs MS total 6 (mismatch),9,6,,,,,question not in the structured bank — chunk-layer serving unaffected,both-prints-agree(9),"print pass 2026-10-04 (operator trace 1a103290c88606f9, corpus checksum-verified PDFs per REPORT protocol 4b): QP prints 9; MS Q4 block total prints 9. The bridge's 'MS 6' was Q2's/Q5's total — misparse."
4CH0/2CR,June 2017,8f6ff0a6-1c5d-4344-abd4-12981c9c3b73,5,qp-only,Q5: QP total 6 vs MS total unknown (qp-only),6,,,,,,question not in the structured bank — chunk-layer serving unaffected,gap-accepted,"operator class-disposition trace 1a10282dec107275: unbanked parse gap, terminal per REPORT protocol item 4 — nothing serves from it"
4CH0/2CR,June 2017,8f6ff0a6-1c5d-4344-abd4-12981c9c3b73,paper,identity-mismatch,Qpaper: QP total unknown vs MS total unknown (identity-mismatch),,,,,,,paper-level identity row (both paper totals unreadable to the parser),ms-total-derived-agrees,"print pass 2026-10-04 (operator trace 1a103290c88606f9, corpus checksum-verified PDFs per REPORT protocol 4b): QP printed 60; MS paper total not printed; sum of MS printed per-question totals (positional) = 60"
4CH1/1C,June 2019,55c3f8fe-382d-4d87-bd29-6cc5f2eb9527,1,mismatch,Q1: QP total 4 vs MS total 9 (mismatch),4,9,,,,,question not in the structured bank — chunk-layer serving unaffected,both-prints-agree(4),"print pass 2026-10-04 (operator trace 1a103290c88606f9, corpus checksum-verified PDFs per REPORT protocol 4b): QP prints 4; MS Q1 block total prints 4. The bridge's 'MS 9' was Q11's/Q12's total — misparse."
4CH1/1C,June 2019,55c3f8fe-382d-4d87-bd29-6cc5f2eb9527,11,qp-only,Q11: QP total 9 vs MS total unknown (qp-only),9,,9,0,VALIDATED,False,"bank serves 9 (v1, VALIDATED, INACTIVE)",bank-total-verified,"print pass 2026-10-04 (operator trace 1a103290c88606f9, corpus checksum-verified PDFs per REPORT protocol 4b): bank 9 = QP print 9 ('Total for Question 11 = 9 marks')."
4CH1/1C,June 2019,55c3f8fe-382d-4d87-bd29-6cc5f2eb9527,12,qp-only,Q12: QP total 9 vs MS total unknown (qp-only),9,,9,2,VALIDATED,False,"bank serves 9 (v1, VALIDATED, INACTIVE)",bank-total-verified,"print pass 2026-10-04 (operator trace 1a103290c88606f9, corpus checksum-verified PDFs per REPORT protocol 4b): bank 9 = QP print 9 ('Total for Question 12 = 9 marks')."
4CH1/1C,June 2019,55c3f8fe-382d-4d87-bd29-6cc5f2eb9527,13,mismatch,Q13: QP total 12 vs MS total 9 (mismatch),12,9,12,0,VALIDATED,False,"bank serves 12 = the QP side (v1, VALIDATED)",both-prints-agree(12)+bank-total-verified,"print pass 2026-10-04 (operator trace 1a103290c88606f9, corpus checksum-verified PDFs per REPORT protocol 4b): QP prints 'Total for Question 13 = 12 marks'; MS Q13 block total prints 12; bank serves 12. All three agree; the bridge's 'MS 9' was Q15's total — misparse."
4CH1/1C,June 2019,55c3f8fe-382d-4d87-bd29-6cc5f2eb9527,14,qp-only,Q14: QP total 14 vs MS total unknown (qp-only),14,,14,0,VALIDATED,False,"bank serves 14 (v1, VALIDATED, INACTIVE)",bank-total-verified,"print pass 2026-10-04 (operator trace 1a103290c88606f9, corpus checksum-verified PDFs per REPORT protocol 4b): bank 14 = QP print 14 ('Total for Question 14 = 14 marks')."
4CH1/1C,June 2019,55c3f8fe-382d-4d87-bd29-6cc5f2eb9527,15,qp-only,Q15: QP total 9 vs MS total unknown (qp-only),9,,9,0,VALIDATED,False,"bank serves 9 (v1, VALIDATED, INACTIVE)",bank-total-verified,"print pass 2026-10-04 (operator trace 1a103290c88606f9, corpus checksum-verified PDFs per REPORT protocol 4b): bank 9 = QP print 9 ('Total for Question 15 = 9 marks')."
4CH1/1C,June 2019,55c3f8fe-382d-4d87-bd29-6cc5f2eb9527,2,qp-only,Q2: QP total 4 vs MS total unknown (qp-only),4,,,,,,question not in the structured bank — chunk-layer serving unaffected,gap-accepted,"operator class-disposition trace 1a10282dec107275: unbanked parse gap, terminal per REPORT protocol item 4 — nothing serves from it"
4CH1/1C,June 2019,55c3f8fe-382d-4d87-bd29-6cc5f2eb9527,3,qp-only,Q3: QP total 6 vs MS total unknown (qp-only),6,,,,,,question not in the structured bank — chunk-layer serving unaffected,gap-accepted,"operator class-disposition trace 1a10282dec107275: unbanked parse gap, terminal per REPORT protocol item 4 — nothing serves from it"
4CH1/1C,June 2019,55c3f8fe-382d-4d87-bd29-6cc5f2eb9527,4,qp-only,Q4: QP total 8 vs MS total unknown (qp-only),8,,,,,,question not in the structured bank — chunk-layer serving unaffected,gap-accepted,"operator class-disposition trace 1a10282dec107275: unbanked parse gap, terminal per REPORT protocol item 4 — nothing serves from it"
4CH1/1C,June 2019,55c3f8fe-382d-4d87-bd29-6cc5f2eb9527,5,qp-only,Q5: QP total 5 vs MS total unknown (qp-only),5,,,,,,question not in the structured bank — chunk-layer serving unaffected,gap-accepted,"operator class-disposition trace 1a10282dec107275: unbanked parse gap, terminal per REPORT protocol item 4 — nothing serves from it"
4CH1/1C,June 2019,55c3f8fe-382d-4d87-bd29-6cc5f2eb9527,6,qp-only,Q6: QP total 5 vs MS total unknown (qp-only),5,,,,,,question not in the structured bank — chunk-layer serving unaffected,gap-accepted,"operator class-disposition trace 1a10282dec107275: unbanked parse gap, terminal per REPORT protocol item 4 — nothing serves from it"
4CH1/1C,June 2019,55c3f8fe-382d-4d87-bd29-6cc5f2eb9527,7,qp-only,Q7: QP total 6 vs MS total unknown (qp-only),6,,,,,,question not in the structured bank — chunk-layer serving unaffected,gap-accepted,"operator class-disposition trace 1a10282dec107275: unbanked parse gap, terminal per REPORT protocol item 4 — nothing serves from it"
4CH1/1C,June 2019,55c3f8fe-382d-4d87-bd29-6cc5f2eb9527,8,qp-only,Q8: QP total 6 vs MS total unknown (qp-only),6,,,,,,question not in the structured bank — chunk-layer serving unaffected,gap-accepted,"operator class-disposition trace 1a10282dec107275: unbanked parse gap, terminal per REPORT protocol item 4 — nothing serves from it"
4CH1/1C,June 2019,55c3f8fe-382d-4d87-bd29-6cc5f2eb9527,9,qp-only,Q9: QP total 6 vs MS total unknown (qp-only),6,,,,,,question not in the structured bank — chunk-layer serving unaffected,gap-accepted,"operator class-disposition trace 1a10282dec107275: unbanked parse gap, terminal per REPORT protocol item 4 — nothing serves from it"
4CH1/1C,June 2019,55c3f8fe-382d-4d87-bd29-6cc5f2eb9527,10,gap,Q10: QP total unknown vs MS total unknown (gap),,,7,3,VALIDATED,False,"bank serves 7 (v1, VALIDATED, INACTIVE)",bank-total-verified,"print pass 2026-10-04 (operator trace 1a103290c88606f9, corpus checksum-verified PDFs per REPORT protocol 4b): bank 7 verified against the authoritative print. gap row: bank 7 = QP print 7; the MS Q10 block total (7) agrees — printed in the MS."
4CH1/1C,June 2019,55c3f8fe-382d-4d87-bd29-6cc5f2eb9527,paper,identity-mismatch,Qpaper: QP total unknown vs MS total unknown (identity-mismatch),,,,,,,paper-level identity row (both paper totals unreadable to the parser),ms-total-derived-agrees,"print pass 2026-10-04 (operator trace 1a103290c88606f9, corpus checksum-verified PDFs per REPORT protocol 4b): QP prints 'TOTAL FOR PAPER = 110 MARKS' (end page; the cover box is image-only); MS paper total not printed; the MS's 15 printed per-question block totals sum to 110. QP print and MS-derived total agree."
4CH1/1C,June 2020,2812e1c3-72fc-4fb8-8b9a-caeac7532b69,1,qp-only,Q1: QP total 7 vs MS total unknown (qp-only),7,,,,,,question not in the structured bank — chunk-layer serving unaffected,gap-accepted,"operator class-disposition trace 1a10282dec107275: unbanked parse gap, terminal per REPORT protocol item 4 — nothing serves from it"
4CH1/1C,June 2020,2812e1c3-72fc-4fb8-8b9a-caeac7532b69,10,qp-only,Q10: QP total 13 vs MS total unknown (qp-only),13,,13,0,VALIDATED,False,"bank serves 13 (v1, VALIDATED, INACTIVE)",bank-total-verified,"print pass 2026-10-04 (operator trace 1a103290c88606f9, corpus checksum-verified PDFs per REPORT protocol 4b): bank 13 = QP print 13 ('Total for Question 10 = 13 marks')."
4CH1/1C,June 2020,2812e1c3-72fc-4fb8-8b9a-caeac7532b69,2,qp-only,Q2: QP total 6 vs MS total unknown (qp-only),6,,,,,,question not in the structured bank — chunk-layer serving unaffected,gap-accepted,"operator class-disposition trace 1a10282dec107275: unbanked parse gap, terminal per REPORT protocol item 4 — nothing serves from it"
4CH1/1C,June 2020,2812e1c3-72fc-4fb8-8b9a-caeac7532b69,3,qp-only,Q3: QP total 8 vs MS total unknown (qp-only),8,,,,,,question not in the structured bank — chunk-layer serving unaffected,gap-accepted,"operator class-disposition trace 1a10282dec107275: unbanked parse gap, terminal per REPORT protocol item 4 — nothing serves from it"
4CH1/1C,June 2020,2812e1c3-72fc-4fb8-8b9a-caeac7532b69,5,qp-only,Q5: QP total 12 vs MS total unknown (qp-only),12,,,,,,question not in the structured bank — chunk-layer serving unaffected,gap-accepted,"operator class-disposition trace 1a10282dec107275: unbanked parse gap, terminal per REPORT protocol item 4 — nothing serves from it"
4CH1/1C,June 2020,2812e1c3-72fc-4fb8-8b9a-caeac7532b69,9,qp-only,Q9: QP total 12 vs MS total unknown (qp-only),12,,,,,,question not in the structured bank — chunk-layer serving unaffected,gap-accepted,"operator class-disposition trace 1a10282dec107275: unbanked parse gap, terminal per REPORT protocol item 4 — nothing serves from it"
4CH1/1C,June 2020,2812e1c3-72fc-4fb8-8b9a-caeac7532b69,paper,identity-mismatch,Qpaper: QP total unknown vs MS total unknown (identity-mismatch),,,,,,,paper-level identity row (both paper totals unreadable to the parser),ms-total-derived-agrees,"print pass 2026-10-04 (operator trace 1a103290c88606f9, corpus checksum-verified PDFs per REPORT protocol 4b): QP prints 110; MS prints 6 of 10 block totals (sum 58); the unprinted blocks are Q5/Q7/Q8/Q9, whose QP prints are 12/14/14/12 (52): 58+52 = 110. No conflict anywhere both prints speak."
4CH1/1C,June 2024,276b471c-df33-4858-a95f-5be3a8ae718c,10,qp-only,Q10: QP total 11 vs MS total unknown (qp-only),11,,11,0,VALIDATED,False,"bank serves 11 (v1, VALIDATED, INACTIVE)",bank-total-verified,"print pass 2026-10-04 (operator trace 1a103290c88606f9, corpus checksum-verified PDFs per REPORT protocol 4b): bank 11 = QP print 11 ('Total for Question 10 = 11 marks')."
4CH1/1C,June 2024,276b471c-df33-4858-a95f-5be3a8ae718c,2,qp-only,Q2: QP total 9 vs MS total unknown (qp-only),9,,,,,,question not in the structured bank — chunk-layer serving unaffected,gap-accepted,"operator class-disposition trace 1a10282dec107275: unbanked parse gap, terminal per REPORT protocol item 4 — nothing serves from it"
4CH1/1C,June 2024,276b471c-df33-4858-a95f-5be3a8ae718c,3,qp-only,Q3: QP total 10 vs MS total unknown (qp-only),10,,,,,,question not in the structured bank — chunk-layer serving unaffected,gap-accepted,"operator class-disposition trace 1a10282dec107275: unbanked parse gap, terminal per REPORT protocol item 4 — nothing serves from it"
4CH1/1C,June 2024,276b471c-df33-4858-a95f-5be3a8ae718c,8,qp-only,Q8: QP total 15 vs MS total unknown (qp-only),15,,,,,,question not in the structured bank — chunk-layer serving unaffected,gap-accepted,"operator class-disposition trace 1a10282dec107275: unbanked parse gap, terminal per REPORT protocol item 4 — nothing serves from it"
4CH1/1C,June 2024,276b471c-df33-4858-a95f-5be3a8ae718c,9,qp-only,Q9: QP total 11 vs MS total unknown (qp-only),11,,,,,,question not in the structured bank — chunk-layer serving unaffected,gap-accepted,"operator class-disposition trace 1a10282dec107275: unbanked parse gap, terminal per REPORT protocol item 4 — nothing serves from it"
4CH1/1C,June 2024,276b471c-df33-4858-a95f-5be3a8ae718c,paper,identity-mismatch,Qpaper: QP total unknown vs MS total unknown (identity-mismatch),,,,,,,paper-level identity row (both paper totals unreadable to the parser),ms-total-derived-agrees,"print pass 2026-10-04 (operator trace 1a103290c88606f9, corpus checksum-verified PDFs per REPORT protocol 4b): QP printed 110; MS paper total not printed; sum of MS printed per-question totals (positional) = 110"
4CH1/1CR,June 2019,f5248d45-e6d4-4724-9880-9a5b784dcb0e,1,qp-only,Q1: QP total 6 vs MS total unknown (qp-only),6,,,,,,question not in the structured bank — chunk-layer serving unaffected,gap-accepted,"operator class-disposition trace 1a10282dec107275: unbanked parse gap, terminal per REPORT protocol item 4 — nothing serves from it"
4CH1/1CR,June 2019,f5248d45-e6d4-4724-9880-9a5b784dcb0e,10,qp-only,Q10: QP total 10 vs MS total unknown (qp-only),10,,10,0,VALIDATED,False,"bank serves 10 (v1, VALIDATED, INACTIVE)",bank-total-verified,"print pass 2026-10-04 (operator trace 1a103290c88606f9, corpus checksum-verified PDFs per REPORT protocol 4b): bank 10 = QP print 10 ('Total for Question 10 = 10 marks')."
4CH1/1CR,June 2019,f5248d45-e6d4-4724-9880-9a5b784dcb0e,2,qp-only,Q2: QP total 6 vs MS total unknown (qp-only),6,,,,,,question not in the structured bank — chunk-layer serving unaffected,gap-accepted,"operator class-disposition trace 1a10282dec107275: unbanked parse gap, terminal per REPORT protocol item 4 — nothing serves from it"
4CH1/1CR,June 2019,f5248d45-e6d4-4724-9880-9a5b784dcb0e,3,qp-only,Q3: QP total 15 vs MS total unknown (qp-only),15,,,,,,question not in the structured bank — chunk-layer serving unaffected,gap-accepted,"operator class-disposition trace 1a10282dec107275: unbanked parse gap, terminal per REPORT protocol item 4 — nothing serves from it"
4CH1/1CR,June 2019,f5248d45-e6d4-4724-9880-9a5b784dcb0e,4,qp-only,Q4: QP total 13 vs MS total unknown (qp-only),13,,,,,,question not in the structured bank — chunk-layer serving unaffected,gap-accepted,"operator class-disposition trace 1a10282dec107275: unbanked parse gap, terminal per REPORT protocol item 4 — nothing serves from it"
4CH1/1CR,June 2019,f5248d45-e6d4-4724-9880-9a5b784dcb0e,5,qp-only,Q5: QP total 13 vs MS total unknown (qp-only),13,,,,,,question not in the structured bank — chunk-layer serving unaffected,gap-accepted,"operator class-disposition trace 1a10282dec107275: unbanked parse gap, terminal per REPORT protocol item 4 — nothing serves from it"
4CH1/1CR,June 2019,f5248d45-e6d4-4724-9880-9a5b784dcb0e,7,qp-only,Q7: QP total 14 vs MS total unknown (qp-only),14,,,,,,question not in the structured bank — chunk-layer serving unaffected,gap-accepted,"operator class-disposition trace 1a10282dec107275: unbanked parse gap, terminal per REPORT protocol item 4 — nothing serves from it"
4CH1/1CR,June 2019,f5248d45-e6d4-4724-9880-9a5b784dcb0e,8,qp-only,Q8: QP total 9 vs MS total unknown (qp-only),9,,,,,,question not in the structured bank — chunk-layer serving unaffected,gap-accepted,"operator class-disposition trace 1a10282dec107275: unbanked parse gap, terminal per REPORT protocol item 4 — nothing serves from it"
4CH1/1CR,June 2019,f5248d45-e6d4-4724-9880-9a5b784dcb0e,9,qp-only,Q9: QP total 11 vs MS total unknown (qp-only),11,,,,,,question not in the structured bank — chunk-layer serving unaffected,gap-accepted,"operator class-disposition trace 1a10282dec107275: unbanked parse gap, terminal per REPORT protocol item 4 — nothing serves from it"
4CH1/1CR,June 2019,f5248d45-e6d4-4724-9880-9a5b784dcb0e,paper,identity-mismatch,Qpaper: QP total unknown vs MS total unknown (identity-mismatch),,,,,,,paper-level identity row (both paper totals unreadable to the parser),paper-totals-verified,"print pass 2026-10-04 (operator trace 1a103290c88606f9, corpus checksum-verified PDFs per REPORT protocol 4b): both printed: QP 110 / MS 110"
4CH1/1CR,June 2020,40d11d8c-129d-4744-862e-d38f65dc00e9,1,qp-only,Q1: QP total 6 vs MS total unknown (qp-only),6,,,,,,question not in the structured bank — chunk-layer serving unaffected,gap-accepted,"operator class-disposition trace 1a10282dec107275: unbanked parse gap, terminal per REPORT protocol item 4 — nothing serves from it"
4CH1/1CR,June 2020,40d11d8c-129d-4744-862e-d38f65dc00e9,10,qp-only,Q10: QP total 13 vs MS total unknown (qp-only),13,,13,2,VALIDATED,False,"bank serves 13 (v1, VALIDATED, INACTIVE)",bank-total-verified,"print pass 2026-10-04 (operator trace 1a103290c88606f9, corpus checksum-verified PDFs per REPORT protocol 4b): bank 13 = QP print 13 ('Total for Question 10 = 13 marks')."
4CH1/1CR,June 2020,40d11d8c-129d-4744-862e-d38f65dc00e9,2,qp-only,Q2: QP total 5 vs MS total unknown (qp-only),5,,,,,,question not in the structured bank — chunk-layer serving unaffected,gap-accepted,"operator class-disposition trace 1a10282dec107275: unbanked parse gap, terminal per REPORT protocol item 4 — nothing serves from it"
4CH1/1CR,June 2020,40d11d8c-129d-4744-862e-d38f65dc00e9,4,qp-only,Q4: QP total 14 vs MS total unknown (qp-only),14,,,,,,question not in the structured bank — chunk-layer serving unaffected,gap-accepted,"operator class-disposition trace 1a10282dec107275: unbanked parse gap, terminal per REPORT protocol item 4 — nothing serves from it"
4CH1/1CR,June 2020,40d11d8c-129d-4744-862e-d38f65dc00e9,7,qp-only,Q7: QP total 13 vs MS total unknown (qp-only),13,,,,,,question not in the structured bank — chunk-layer serving unaffected,gap-accepted,"operator class-disposition trace 1a10282dec107275: unbanked parse gap, terminal per REPORT protocol item 4 — nothing serves from it"
4CH1/1CR,June 2020,40d11d8c-129d-4744-862e-d38f65dc00e9,paper,identity-mismatch,Qpaper: QP total unknown vs MS total unknown (identity-mismatch),,,,,,,paper-level identity row (both paper totals unreadable to the parser),ms-total-derived-agrees,"print pass 2026-10-04 (operator trace 1a103290c88606f9, corpus checksum-verified PDFs per REPORT protocol 4b): QP printed 110; MS paper total not printed; sum of MS printed per-question totals (positional) = 110"
4CH1/2CR,June 2019,1f17e883-68c5-4fc5-aa8d-6901c6d6a12d,1,qp-only,Q1: QP total 5 vs MS total unknown (qp-only),5,,,,,,question not in the structured bank — chunk-layer serving unaffected,gap-accepted,"operator class-disposition trace 1a10282dec107275: unbanked parse gap, terminal per REPORT protocol item 4 — nothing serves from it"
4CH1/2CR,June 2019,1f17e883-68c5-4fc5-aa8d-6901c6d6a12d,2,qp-only,Q2: QP total 7 vs MS total unknown (qp-only),7,,,,,,question not in the structured bank — chunk-layer serving unaffected,gap-accepted,"operator class-disposition trace 1a10282dec107275: unbanked parse gap, terminal per REPORT protocol item 4 — nothing serves from it"
4CH1/2CR,June 2019,1f17e883-68c5-4fc5-aa8d-6901c6d6a12d,3,qp-only,Q3: QP total 8 vs MS total unknown (qp-only),8,,,,,,question not in the structured bank — chunk-layer serving unaffected,gap-accepted,"operator class-disposition trace 1a10282dec107275: unbanked parse gap, terminal per REPORT protocol item 4 — nothing serves from it"
4CH1/2CR,June 2019,1f17e883-68c5-4fc5-aa8d-6901c6d6a12d,4,qp-only,Q4: QP total 15 vs MS total unknown (qp-only),15,,,,,,question not in the structured bank — chunk-layer serving unaffected,gap-accepted,"operator class-disposition trace 1a10282dec107275: unbanked parse gap, terminal per REPORT protocol item 4 — nothing serves from it"
4CH1/2CR,June 2019,1f17e883-68c5-4fc5-aa8d-6901c6d6a12d,5,qp-only,Q5: QP total 11 vs MS total unknown (qp-only),11,,,,,,question not in the structured bank — chunk-layer serving unaffected,gap-accepted,"operator class-disposition trace 1a10282dec107275: unbanked parse gap, terminal per REPORT protocol item 4 — nothing serves from it"
4CH1/2CR,June 2019,1f17e883-68c5-4fc5-aa8d-6901c6d6a12d,paper,identity-mismatch,Qpaper: QP total unknown vs MS total unknown (identity-mismatch),,,,,,,paper-level identity row (both paper totals unreadable to the parser),paper-totals-verified,"print pass 2026-10-04 (operator trace 1a103290c88606f9, corpus checksum-verified PDFs per REPORT protocol 4b): both printed: QP 70 / MS 70"
4CH1/2CR,June 2023,e50d14e2-0ba2-480c-86b9-44452d464c94,1,qp-only,Q1: QP total 6 vs MS total unknown (qp-only),6,,,,,,question not in the structured bank — chunk-layer serving unaffected,gap-accepted,"operator class-disposition trace 1a10282dec107275: unbanked parse gap, terminal per REPORT protocol item 4 — nothing serves from it"
4CH1/2CR,June 2023,e50d14e2-0ba2-480c-86b9-44452d464c94,2,qp-only,Q2: QP total 7 vs MS total unknown (qp-only),7,,,,,,question not in the structured bank — chunk-layer serving unaffected,gap-accepted,"operator class-disposition trace 1a10282dec107275: unbanked parse gap, terminal per REPORT protocol item 4 — nothing serves from it"
4CH1/2CR,June 2023,e50d14e2-0ba2-480c-86b9-44452d464c94,3,qp-only,Q3: QP total 6 vs MS total unknown (qp-only),6,,,,,,question not in the structured bank — chunk-layer serving unaffected,gap-accepted,"operator class-disposition trace 1a10282dec107275: unbanked parse gap, terminal per REPORT protocol item 4 — nothing serves from it"
4CH1/2CR,June 2023,e50d14e2-0ba2-480c-86b9-44452d464c94,4,qp-only,Q4: QP total 9 vs MS total unknown (qp-only),9,,,,,,question not in the structured bank — chunk-layer serving unaffected,gap-accepted,"operator class-disposition trace 1a10282dec107275: unbanked parse gap, terminal per REPORT protocol item 4 — nothing serves from it"
4CH1/2CR,June 2023,e50d14e2-0ba2-480c-86b9-44452d464c94,6,qp-only,Q6: QP total 15 vs MS total unknown (qp-only),15,,,,,,question not in the structured bank — chunk-layer serving unaffected,gap-accepted,"operator class-disposition trace 1a10282dec107275: unbanked parse gap, terminal per REPORT protocol item 4 — nothing serves from it"
4CH1/2CR,June 2023,e50d14e2-0ba2-480c-86b9-44452d464c94,7,qp-only,Q7: QP total 14 vs MS total unknown (qp-only),14,,,,,,question not in the structured bank — chunk-layer serving unaffected,gap-accepted,"operator class-disposition trace 1a10282dec107275: unbanked parse gap, terminal per REPORT protocol item 4 — nothing serves from it"
4CH1/2CR,June 2023,e50d14e2-0ba2-480c-86b9-44452d464c94,paper,identity-mismatch,Qpaper: QP total unknown vs MS total unknown (identity-mismatch),,,,,,,paper-level identity row (both paper totals unreadable to the parser),ms-total-derived-agrees,"print pass 2026-10-04 (operator trace 1a103290c88606f9, corpus checksum-verified PDFs per REPORT protocol 4b): QP printed 70; MS paper total not printed; sum of MS printed per-question totals (positional) = 70"
